{"_runtime":83.828914693,"_step":149,"_wandb":{"runtime":83},"Training Loss":0.20724927748013222,"Validation Loss":0.17018408592670195,"_timestamp":1.7387719148446963e+09}