{"Training Loss":0.27726092067734825,"Validation Loss":0.21724709508747891,"_timestamp":1.7387734367266972e+09,"_runtime":78.956465413,"_step":149,"_wandb":{"runtime":78}}