{"_timestamp":1.738772839624725e+09,"_runtime":83.112329692,"_step":149,"_wandb":{"runtime":83},"Training Loss":0.3023935193162796,"Validation Loss":0.23566966239483125}